Sudbury Packaging Co.,,,,,,,,,
221 Boston Post Road,,,,,,,,,
Sudbury MA 01776,,,,,,,,,
billing@sudburypack.example.com,,,,,,,,,
,,,,,,,,,
INVOICE,,,,,,,,,
,,,,,,,,,
Doc Type,Doc No,Doc Date,Cust PO,Terms,Due Date,,,,
Invoice,SP-88214,07/02/2026,PO-4468,Net 30,08/01/2026,,,,
,,,,,,,,,
Sold To,Bay State Supply,,,,,,,,
,1150 Providence Highway,,,,,,,,
,Norwood MA 02062,,,,,,,,
,,,,,,,,,
Ln,Part No,Description,Qty Shipped,UOM,Unit Cost,Ext Amount,,,
1,SP-GLV-NBL-L,Nitrile Glove Blue Large,4000,EA,0.55,2200.00,,,
2,SP-BOX-121206,Corrugated Carton 12x12x6 Kraft,750,EA,1.25,937.50,,,
,,,,,,,,,
,,,,Subtotal,,3137.50,,,
,,,,Freight,,0.00,,,
,,,,Total Due USD,,3137.50,,,
,,,,,,,,,
Remit to Sudbury Packaging Co PO Box 771 Sudbury MA 01776,,,,,,,,,
Reference invoice number on remittance,,,,,,,,,
